"Name";"Location";"Site";"Type";"IpStart";"IpEnd";"RangeStart";"RangeEnd"
"10.108.133.0/24";"";"Quebec-1075";"IPv4";"10.108.133.0";"10.108.133.255";"174884096";"174884351"
"10.108.136.0/24";"";"Quebec-1075";"IPv4";"10.108.136.0";"10.108.136.255";"174884864";"174885119"
"10.108.137.0/24";"";"Quebec-1075";"IPv4";"10.108.137.0";"10.108.137.255";"174885120";"174885375"
"10.108.53.0/24";"";"Quebec-1075";"IPv4";"10.108.53.0";"10.108.53.255";"174863616";"174863871"
"10.108.177.0/24";"";"Quebec-1075";"IPv4";"10.108.177.0";"10.108.177.255";"174895360";"174895615"
"10.108.192.0/24";"";"Quebec-1075";"IPv4";"10.108.192.0";"10.108.192.255";"174899200";"174899455"
"10.108.134.0/24";"";"Quebec-1075";"IPv4";"10.108.134.0";"10.108.134.255";"174884352";"174884607"
"10.108.55.0/24";"";"Quebec-1075";"IPv4";"10.108.55.0";"10.108.55.255";"174864128";"174864383"
"10.108.54.0/24";"";"Quebec-1075";"IPv4";"10.108.54.0";"10.108.54.255";"174863872";"174864127"
"10.108.32.0/22";"";"Quebec-1075";"IPv4";"10.108.32.0";"10.108.35.255";"174858240";"174859263"
"10.108.184.0/24";"";"Quebec-1075";"IPv4";"10.108.184.0";"10.108.184.255";"174897152";"174897407"
"10.108.51.0/25";"";"Quebec-1075";"IPv4";"10.108.51.0";"10.108.51.127";"174863104";"174863231"
"10.108.200.0/24";"";"Quebec-1075";"IPv4";"10.108.200.0";"10.108.200.255";"174901248";"174901503"
"10.108.50.0/24";"";"Quebec-1075";"IPv4";"10.108.50.0";"10.108.50.255";"174862848";"174863103"
"10.209.4.0/22";"";"Quebec-1075";"IPv4";"10.209.4.0";"10.209.7.255";"181470208";"181471231"
"10.75.2.0/24";"";"Quebec-1075";"IPv4";"10.75.2.0";"10.75.2.255";"172687872";"172688127"
"10.75.5.0/24";"";"Quebec-1075";"IPv4";"10.75.5.0";"10.75.5.255";"172688640";"172688895"
"10.108.255.0/28";"";"Releve-ULaval";"IPv4";"10.108.255.0";"10.108.255.15";"174915328";"174915343"
"10.75.64.0/24";"";"Quebec-1075";"IPv4";"10.75.64.0";"10.75.64.255";"172703744";"172703999"
"10.108.255.32/28";"";"Releve-ULaval";"IPv4";"10.108.255.32";"10.108.255.47";"174915360";"174915375"
"10.108.60.0/24";"";"Quebec-1075";"IPv4";"10.108.60.0";"10.108.60.255";"174865408";"174865663"
"10.108.255.48/28";"";"Releve-ULaval";"IPv4";"10.108.255.48";"10.108.255.63";"174915376";"174915391"
"10.108.255.64/28";"";"Releve-ULaval";"IPv4";"10.108.255.64";"10.108.255.79";"174915392";"174915407"
"10.108.255.80/28";"";"Releve-ULaval";"IPv4";"10.108.255.80";"10.108.255.95";"174915408";"174915423"
"10.108.176.0/24";"";"Quebec-1075";"IPv4";"10.108.176.0";"10.108.176.255";"174895104";"174895359"
"10.108.62.0/24";"";"Quebec-1075";"IPv4";"10.108.62.0";"10.108.62.255";"174865920";"174866175"
"10.108.64.0/24";"";"Quebec-1075";"IPv4";"10.108.64.0";"10.108.64.255";"174866432";"174866687"
"10.108.32.0/20";"";"Quebec-1075";"IPv4";"10.108.32.0";"10.108.47.255";"174858240";"174862335"
"10.108.113.0/24";"";"Quebec-1075";"IPv4";"10.108.113.0";"10.108.113.255";"174878976";"174879231"
"10.108.169.0/24";"";"Quebec-1075";"IPv4";"10.108.169.0";"10.108.169.255";"174893312";"174893567"
"10.108.128.0/22";"";"Montreal";"IPv4";"10.108.128.0";"10.108.131.255";"174882816";"174883839"
"10.138.0.0/16";"";"Quebec-1075";"IPv4";"10.138.0.0";"10.138.255.255";"176816128";"176881663"
"10.108.65.0/24";"";"Quebec-1075";"IPv4";"10.108.65.0";"10.108.65.255";"174866688";"174866943"
"10.108.66.0/24";"";"Quebec-1075";"IPv4";"10.108.66.0";"10.108.66.255";"174866944";"174867199"
"10.108.209.0/24";"";"Quebec-1075";"IPv4";"10.108.209.0";"10.108.209.255";"174903552";"174903807"
"10.108.208.0/24";"";"Quebec-1075";"IPv4";"10.108.208.0";"10.108.208.255";"174903296";"174903551"
"10.108.210.0/24";"";"Quebec-1075";"IPv4";"10.108.210.0";"10.108.210.255";"174903808";"174904063"
"10.108.211.0/24";"";"Quebec-1075";"IPv4";"10.108.211.0";"10.108.211.255";"174904064";"174904319"
"10.108.212.0/24";"";"Quebec-1075";"IPv4";"10.108.212.0";"10.108.212.255";"174904320";"174904575"
"10.108.213.0/24";"";"Quebec-1075";"IPv4";"10.108.213.0";"10.108.213.255";"174904576";"174904831"
"10.108.48.0/24";"";"Quebec-1075";"IPv4";"10.108.48.0";"10.108.48.255";"174862336";"174862591"
"10.108.214.0/24";"";"Quebec-1075";"IPv4";"10.108.214.0";"10.108.214.255";"174904832";"174905087"
"10.108.49.0/24";"";"Quebec-1075";"IPv4";"10.108.49.0";"10.108.49.255";"174862592";"174862847"
"10.108.215.0/24";"";"Quebec-1075";"IPv4";"10.108.215.0";"10.108.215.255";"174905088";"174905343"
"10.108.216.0/24";"";"Quebec-1075";"IPv4";"10.108.216.0";"10.108.216.255";"174905344";"174905599"
"10.108.217.0/24";"";"Quebec-1075";"IPv4";"10.108.217.0";"10.108.217.255";"174905600";"174905855"
"10.108.218.0/24";"";"Quebec-1075";"IPv4";"10.108.218.0";"10.108.218.255";"174905856";"174906111"
"10.108.219.0/24";"";"Quebec-1075";"IPv4";"10.108.219.0";"10.108.219.255";"174906112";"174906367"
"10.108.220.0/24";"";"Quebec-1075";"IPv4";"10.108.220.0";"10.108.220.255";"174906368";"174906623"
"10.108.221.0/24";"";"Quebec-1075";"IPv4";"10.108.221.0";"10.108.221.255";"174906624";"174906879"
"10.108.222.0/24";"";"Quebec-1075";"IPv4";"10.108.222.0";"10.108.222.255";"174906880";"174907135"
"10.108.223.0/24";"";"Quebec-1075";"IPv4";"10.108.223.0";"10.108.223.255";"174907136";"174907391"
"10.108.56.0/24";"";"Quebec-1075";"IPv4";"10.108.56.0";"10.108.56.255";"174864384";"174864639"
"10.108.224.0/24";"";"Montreal";"IPv4";"10.108.224.0";"10.108.224.255";"174907392";"174907647"
"10.108.57.0/24";"";"Quebec-1075";"IPv4";"10.108.57.0";"10.108.57.255";"174864640";"174864895"
"10.108.225.0/24";"";"Montreal";"IPv4";"10.108.225.0";"10.108.225.255";"174907648";"174907903"
"10.108.226.0/24";"";"Montreal";"IPv4";"10.108.226.0";"10.108.226.255";"174907904";"174908159"
"10.108.227.0/24";"";"Montreal";"IPv4";"10.108.227.0";"10.108.227.255";"174908160";"174908415"
"10.108.228.0/24";"";"Montreal";"IPv4";"10.108.228.0";"10.108.228.255";"174908416";"174908671"
"10.108.32.0/21";"";"Quebec-1075";"IPv4";"10.108.32.0";"10.108.39.255";"174858240";"174860287"
"10.108.230.0/24";"";"Montreal";"IPv4";"10.108.230.0";"10.108.230.255";"174908928";"174909183"
"10.108.229.0/24";"";"Montreal";"IPv4";"10.108.229.0";"10.108.229.255";"174908672";"174908927"
"10.108.231.0/24";"";"Montreal";"IPv4";"10.108.231.0";"10.108.231.255";"174909184";"174909439"
"10.108.40.0/24";"";"Quebec-1075";"IPv4";"10.108.40.0";"10.108.40.255";"174860288";"174860543"
"10.108.61.0/24";"";"Quebec-1075";"IPv4";"10.108.61.0";"10.108.61.255";"174865664";"174865919"
"10.108.138.0/24";"";"Quebec-1075";"IPv4";"10.108.138.0";"10.108.138.255";"174885376";"174885631"
"10.108.139.0/24";"";"Quebec-1075";"IPv4";"10.108.139.0";"10.108.139.255";"174885632";"174885887"
"10.108.118.56/29";"";"Quebec-1075";"IPv4";"10.108.118.56";"10.108.118.63";"174880312";"174880319"
"10.108.67.0/24";"";"Quebec-1075";"IPv4";"10.108.67.0";"10.108.67.255";"174867200";"174867455"
"10.108.109.96/27";"";"Quebec-1075";"IPv4";"10.108.109.96";"10.108.109.127";"174878048";"174878079"
"10.108.112.64/28";"";"Quebec-1075";"IPv4";"10.108.112.64";"10.108.112.79";"174878784";"174878799"
"10.108.103.64/27";"";"Quebec-1075";"IPv4";"10.108.103.64";"10.108.103.95";"174876480";"174876511"
"10.108.106.0/24";"";"Quebec-1075";"IPv4";"10.108.106.0";"10.108.106.255";"174877184";"174877439"
"10.108.43.0/24";"";"Quebec-1075";"IPv4";"10.108.43.0";"10.108.43.255";"174861056";"174861311"
"10.108.108.0/23";"";"Quebec-1075";"IPv4";"10.108.108.0";"10.108.109.255";"174877696";"174878207"
"10.108.118.40/29";"";"Quebec-1075";"IPv4";"10.108.118.40";"10.108.118.47";"174880296";"174880303"
"10.108.112.0/26";"";"Quebec-1075";"IPv4";"10.108.112.0";"10.108.112.63";"174878720";"174878783"
"10.108.120.0/26";"";"Quebec-1075";"IPv4";"10.108.120.0";"10.108.120.63";"174880768";"174880831"
"10.108.140.0/24";"";"Quebec-1075";"IPv4";"10.108.140.0";"10.108.140.255";"174885888";"174886143"
"10.108.119.0/24";"";"Quebec-1075";"IPv4";"10.108.119.0";"10.108.119.255";"174880512";"174880767"
"10.108.42.0/24";"";"Quebec-1075";"IPv4";"10.108.42.0";"10.108.42.255";"174860800";"174861055"
"10.108.100.96/27";"";"Quebec-1075";"IPv4";"10.108.100.96";"10.108.100.127";"174875744";"174875775"
"10.108.101.96/27";"";"Quebec-1075";"IPv4";"10.108.101.96";"10.108.101.127";"174876000";"174876031"
"10.108.110.0/24";"";"Quebec-1075";"IPv4";"10.108.110.0";"10.108.110.255";"174878208";"174878463"
"10.108.101.64/28";"";"Quebec-1075";"IPv4";"10.108.101.64";"10.108.101.79";"174875968";"174875983"
"10.108.118.32/29";"";"Quebec-1075";"IPv4";"10.108.118.32";"10.108.118.39";"174880288";"174880295"
"10.108.100.0/24";"Qu?bec";"Quebec-1075";"IPv4";"10.108.100.0";"10.108.100.255";"174875648";"174875903"
"10.1.161.0/24";"";"Quebec-1075";"IPv4";"10.1.161.0";"10.1.161.255";"167878912";"167879167"
"10.108.117.0/24";"";"Quebec-1075";"IPv4";"10.108.117.0";"10.108.117.255";"174880000";"174880255"
"10.108.112.0/24";"";"Quebec-1075";"IPv4";"10.108.112.0";"10.108.112.255";"174878720";"174878975"
"10.108.28.0/24";"";"Quebec-1075";"IPv4";"10.108.28.0";"10.108.28.255";"174857216";"174857471"
"10.108.103.0/24";"";"Quebec-1075";"IPv4";"10.108.103.0";"10.108.103.255";"174876416";"174876671"
"10.1.163.0/24";"";"Quebec-1075";"IPv4";"10.1.163.0";"10.1.163.255";"167879424";"167879679"
"10.108.118.8/29";"";"Quebec-1075";"IPv4";"10.108.118.8";"10.108.118.15";"174880264";"174880271"
"10.108.45.0/24";"";"Quebec-1075";"IPv4";"10.108.45.0";"10.108.45.255";"174861568";"174861823"
"10.108.103.32/28";"";"Quebec-1075";"IPv4";"10.108.103.32";"10.108.103.47";"174876448";"174876463"
"10.108.99.0/24";"";"Quebec-1075";"IPv4";"10.108.99.0";"10.108.99.255";"174875392";"174875647"
"10.108.135.0/24";"";"Quebec-1075";"IPv4";"10.108.135.0";"10.108.135.255";"174884608";"174884863"
"10.1.160.0/24";"";"Quebec-1075";"IPv4";"10.1.160.0";"10.1.160.255";"167878656";"167878911"
"10.108.149.0/24";"";"Quebec-1075";"IPv4";"10.108.149.0";"10.108.149.255";"174888192";"174888447"
"10.108.30.0/28";"";"Quebec-1075";"IPv4";"10.108.30.0";"10.108.30.15";"174857728";"174857743"
"10.108.101.0/26";"";"Quebec-1075";"IPv4";"10.108.101.0";"10.108.101.63";"174875904";"174875967"
"10.108.102.0/24";"";"Quebec-1075";"IPv4";"10.108.102.0";"10.108.102.255";"174876160";"174876415"
"10.108.112.224/28";"";"Quebec-1075";"IPv4";"10.108.112.224";"10.108.112.239";"174878944";"174878959"
"10.108.141.0/24";"";"Quebec-1075";"IPv4";"10.108.141.0";"10.108.141.255";"174886144";"174886399"
"10.108.30.64/27";"";"Quebec-1075";"IPv4";"10.108.30.64";"10.108.30.95";"174857792";"174857823"
"10.108.105.0/24";"";"Quebec-1075";"IPv4";"10.108.105.0";"10.108.105.255";"174876928";"174877183"
"10.108.59.0/24";"";"Quebec-1075";"IPv4";"10.108.59.0";"10.108.59.255";"174865152";"174865407"
"10.108.118.0/29";"";"Quebec-1075";"IPv4";"10.108.118.0";"10.108.118.7";"174880256";"174880263"
"10.108.114.0/24";"";"Quebec-1075";"IPv4";"10.108.114.0";"10.108.114.255";"174879232";"174879487"
"10.108.101.192/27";"";"Quebec-1075";"IPv4";"10.108.101.192";"10.108.101.223";"174876096";"174876127"
"10.108.46.0/24";"";"Quebec-1075";"IPv4";"10.108.46.0";"10.108.46.255";"174861824";"174862079"
"10.108.100.224/28";"";"Quebec-1075";"IPv4";"10.108.100.224";"10.108.100.239";"174875872";"174875887"
"10.108.118.128/28";"";"Quebec-1075";"IPv4";"10.108.118.128";"10.108.118.143";"174880384";"174880399"
"10.108.101.128/26";"";"Quebec-1075";"IPv4";"10.108.101.128";"10.108.101.191";"174876032";"174876095"
"10.108.103.0/27";"";"Quebec-1075";"IPv4";"10.108.103.0";"10.108.103.31";"174876416";"174876447"
"10.108.118.16/29";"";"Quebec-1075";"IPv4";"10.108.118.16";"10.108.118.23";"174880272";"174880279"
"10.108.109.64/28";"";"Quebec-1075";"IPv4";"10.108.109.64";"10.108.109.79";"174878016";"174878031"
"10.108.41.0/24";"";"Quebec-1075";"IPv4";"10.108.41.0";"10.108.41.255";"174860544";"174860799"
"101.108.118.24/29";"";"Quebec-1075";"IPv4";"101.108.118.24";"101.108.118.31";"1701606936";"1701606943"
"10.108.118.48/29";"";"Quebec-1075";"IPv4";"10.108.118.48";"10.108.118.55";"174880304";"174880311"
"10.108.115.64/28";"";"Quebec-1075-Externe";"IPv4";"10.108.115.64";"10.108.115.79";"174879552";"174879567"
"10.108.103.128/27";"";"Quebec-1075";"IPv4";"10.108.103.128";"10.108.103.159";"174876544";"174876575"
"10.108.109.0/26";"";"Quebec-1075";"IPv4";"10.108.109.0";"10.108.109.63";"174877952";"174878015"
"10.108.100.128/26";"";"Quebec-1075";"IPv4";"10.108.100.128";"10.108.100.191";"174875776";"174875839"
"10.108.111.64/28";"";"Quebec-net";"IPv4";"10.108.111.64";"10.108.111.79";"174878528";"174878543"
"10.108.101.0/24";"";"Quebec-1075";"IPv4";"10.108.101.0";"10.108.101.255";"174875904";"174876159"
"10.108.111.96/27";"";"Quebec-net";"IPv4";"10.108.111.96";"10.108.111.127";"174878560";"174878591"
"10.1.162.0/24";"";"Quebec-1075";"IPv4";"10.1.162.0";"10.1.162.255";"167879168";"167879423"
"10.108.111.80/28";"";"Quebec-1075";"IPv4";"10.108.111.80";"10.108.111.95";"174878544";"174878559"
"10.108.109.224/28";"";"Quebec-1075";"IPv4";"10.108.109.224";"10.108.109.239";"174878176";"174878191"
"10.108.111.128/25";"";"Quebec-1075";"IPv4";"10.108.111.128";"10.108.111.255";"174878592";"174878719"
"10.108.100.0/26";"";"Quebec-1075";"IPv4";"10.108.100.0";"10.108.100.63";"174875648";"174875711"
"10.108.58.0/24";"";"Quebec-1075";"IPv4";"10.108.58.0";"10.108.58.255";"174864896";"174865151"
"10.108.100.64/28";"";"Quebec-1075";"IPv4";"10.108.100.64";"10.108.100.79";"174875712";"174875727"
"10.108.120.64/28";"";"Quebec-1075";"IPv4";"10.108.120.64";"10.108.120.79";"174880832";"174880847"
"101.108.100.64/28";"";"Quebec-1075";"IPv4";"101.108.100.64";"101.108.100.79";"1701602368";"1701602383"
"10.108.104.0/24";"";"Quebec-1075";"IPv4";"10.108.104.0";"10.108.104.255";"174876672";"174876927"
"10.108.115.0/26";"";"Quebec-1075";"IPv4";"10.108.115.0";"10.108.115.63";"174879488";"174879551"
"10.108.120.96/27";"";"Quebec-1075";"IPv4";"10.108.120.96";"10.108.120.127";"174880864";"174880895"
"10.108.115.80/28";"";"Quebec-1075";"IPv4";"10.108.115.80";"10.108.115.95";"174879568";"174879583"
"10.108.142.0/24";"";"Montreal";"IPv4";"10.108.142.0";"10.108.142.255";"174886400";"174886655"
"10.108.115.96/27";"";"Quebec-1075";"IPv4";"10.108.115.96";"10.108.115.127";"174879584";"174879615"
"10.108.29.0/24";"";"Quebec-1075";"IPv4";"10.108.29.0";"10.108.29.255";"174857472";"174857727"
"10.108.115.128/26";"";"Quebec-1075";"IPv4";"10.108.115.128";"10.108.115.191";"174879616";"174879679"
"10.108.115.192/27";"";"Quebec-1075";"IPv4";"10.108.115.192";"10.108.115.223";"174879680";"174879711"
"10.108.115.224/28";"";"Quebec-1075";"IPv4";"10.108.115.224";"10.108.115.239";"174879712";"174879727"
"10.108.115.240/28";"";"Quebec-1075";"IPv4";"10.108.115.240";"10.108.115.255";"174879728";"174879743"
"10.108.111.0/26";"";"Quebec-net";"IPv4";"10.108.111.0";"10.108.111.63";"174878464";"174878527"
"172.16.80.0/24";"";"Quebec-1075";"IPv4";"172.16.80.0";"172.16.80.255";"2886750208";"2886750463"
"10.108.204.0/23";"";"Quebec-1075-Externe";"IPv4";"10.108.204.0";"10.108.205.255";"174902272";"174902783"
"10.108.24.0/24";"";"Quebec-1075";"IPv4";"10.108.24.0";"10.108.24.255";"174856192";"174856447"
"10.108.52.0/24";"";"Quebec-1075";"IPv4";"10.108.52.0";"10.108.52.255";"174863360";"174863615"
